Workbook

Sheet Catálogo
A1: RC · Catálogo de Questionários — Ricardina Correia · OPP 8233
A2: Cada coluna tem filtro (seta no cabeçalho). Para idade: filtre «Idade min <= X» e «Idade max >= X». | Idade min 0 = desde o nascimento; Idade max 99 = sem limite superior. | Adicionar instrumento: ver folha «Como atualizar».
A3: Nº | B3: Nome do Instrumento | C3: Área Clínica | D3: Destinatários | E3: Faixa etária | F3: Idade mín (anos) | G3: Idade máx (anos) | H3: Nº domínios | I3: Objetivo clínico | J3: Domínios / Subescalas (por extenso) | K3: syncKey (Sheet) | L3: ID interno | M3: Link
A4: =ROW()-3 -> 1 | B4: ABAS-3 — Auto-relato | C4: Neurodesenvolvimento | D4: Paciente | E4: 16–89 anos | F4: 16 | G4: 99 | H4: 4 | I4: Avalia comportamento adaptativo — auto-relato (16–89 anos) | J4: Compósito Adaptativo Geral (GAC); Domínio Conceptual (CC); Domínio Social (SC); Domínio Prático (PC) | K4: abas3_adult | L4: q_abas3_adult | M4: https://correiaricardina-ui.github.io/questionarios/ABAS3_Autorrelato_v1.html
A5: =ROW()-3 -> 2 | B5: ABAS-3 — Educador (0–5) | C5: Neurodesenvolvimento | D5: Educador(a) | E5: 0–5 anos | F5: 0 | G5: 5.9 | H5: 4 | I5: Avalia comportamento adaptativo — versão educador (0–5 anos) | J5: Compósito Adaptativo Geral (CAG); Domínio Conceptual (CC); Domínio Social (SC); Domínio Prático (PC) | K5: abas3_05p | L5: q_abas3_05p | M5: https://correiaricardina-ui.github.io/questionarios/ABAS3_PreEscolar_Educador.html
A6: =ROW()-3 -> 3 | B6: ABAS-3 — Pais/Cuid. (>6) | C6: Neurodesenvolvimento | D6: Mãe, Pai, Enc. Educação | E6: 6–21 anos | F6: 6 | G6: 20.9 | H6: 4 | I6: Avalia comportamento adaptativo — versão pais/cuidadores (>6 anos) | J6: Compósito Adaptativo Geral (CAG); Domínio Conceptual (CC); Domínio Social (SC); Domínio Prático (PC) | K6: abas3_pais | L6: q_abas3_pais | M6: https://correiaricardina-ui.github.io/questionarios/ABAS3_Pais_v2.html
A7: =ROW()-3 -> 4 | B7: ABAS-3 — Pais/Cuid. (0–5) | C7: Neurodesenvolvimento | D7: Mãe, Pai, Enc. Educação | E7: 0–5 anos | F7: 0 | G7: 5.9 | H7: 4 | I7: Avalia comportamento adaptativo — versão pais (0–5 anos) | J7: Compósito Adaptativo Geral (CAG); Domínio Conceptual (CC); Domínio Social (SC); Domínio Prático (PC) | K7: abas3_05 | L7: q_abas3_05 | M7: https://correiaricardina-ui.github.io/questionarios/ABAS3_PreEscolar.html
A8: =ROW()-3 -> 5 | B8: ABAS-3 — Professor (>6) | C8: Neurodesenvolvimento | D8: Professor(a) | E8: 6–21 anos | F8: 6 | G8: 20.9 | H8: 4 | I8: Avalia comportamento adaptativo — versão professor (>6 anos) | J8: Compósito Adaptativo Geral (CAG); Domínio Conceptual (CC); Domínio Social (SC); Domínio Prático (PC) | K8: abas3_prof | L8: q_abas3_prof | M8: https://correiaricardina-ui.github.io/questionarios/ABAS3_Professor_v2.html
A9: =ROW()-3 -> 6 | B9: Anamnese — História Prévia | C9: Anamnese & História Clínica | D9: Mãe, Pai, Enc. Educação | E9: 0–18 anos | F9: 0 | G9: 83.2 | H9: 5 | I9: Recolha qualitativa de história clínica, desenvolvimento, familiar, escolar e relacional prévia à consulta | J9: História Clínica; Desenvolvimento; Estrutura Familiar; História Escolar; Relacionamentos | K9: anamnese_hp | L9: q_anamnese_hp | M9: https://correiaricardina-ui.github.io/questionarios/Anamnese_HP_v1.html
A10: =ROW()-3 -> 7 | B10: Anamnese Complementar | C10: Anamnese & História Clínica | D10: Mãe, Pai, Enc. Educação | E10: 0–18 anos | F10: 0 | G10: 83.2 | H10: 4 | I10: Recolher história clínica, desenvolvimento e funcionamento quotidiano | J10: História Clínica; Desenvolvimento Precoce; Funcionamento Executivo; Regulação Emocional | K10: anamnese_complementar | L10: q_anamnese | M10: https://correiaricardina-ui.github.io/questionarios/Anamnese_complementar_v2.html
A11: =ROW()-3 -> 8 | B11: Anamnese Parental Complementar | C11: Anamnese & História Clínica | D11: Mãe, Pai, Enc. Educação | E11: Todas as idades | F11: 0 | G11: 99 | H11: 5 | I11: Recolha estruturada da perspetiva do progenitor ou cuidador que não esteve presente na consulta de anamnese inicial e deseja integrar o processo de avaliação/intervenção. Instrumento qualitativo de anamnese — sem cotação: regista motivação para participar, preocupação principal e áreas assinaladas, a criança no contexto do respondente (rotinas, o que corre bem, o que é mais difícil), evolução percebida, informação adicional e expectativas/disponibilidade. | J11: Preocupações principais; Áreas assinaladas; Contexto do respondente; Evolução percebida; Expectativas e disponibilidade | K11: anamnese_parental_complementar | L11: q_anamnese_parental_complementar | M11: https://correiaricardina-ui.github.io/questionarios/ANAMNESE_PARENTAL_COMPLEMENTAR_v1.html
A12: =ROW()-3 -> 9 | B12: AQ Buss-Perry — Agressividade | C12: Externalização & Comportamento | D12: Paciente | E12: Adultos (≥16 anos) | F12: 16 | G12: 99 | H12: 5 | I12: Auto-relato (29 itens, ~5-8 min) para avaliação multidimensional da agressividade (Buss & Perry, 1992; adaptação portuguesa Cunha & Gonçalves, 2012, n=633 universitários). Quatro subescalas: Agressividade Física (AF, 9 itens), Agressividade Verbal (AV, 5 itens), Raiva/Ira (7 itens), Hostilidade (HO, 8 itens) + Total AQ. Escala Likert 1-5. Itens 9 e 16 invertidos. Classificação em 4 níveis por sexo (Baixa, Média, Elevada, Muito Elevada). Aviso técnico: a subescala Agressividade Verbal tem consistência interna baixa (α=.56) — interpretar com prudência. Os domínios não são visíveis ao paciente durante o preenchimento. | J12: Agressividade Física (AF); Agressividade Verbal (AV); Raiva/Ira; Hostilidade (HO); Total AQ | K12: aq_bussperry | L12: q_aq_bussperry | M12: https://correiaricardina-ui.github.io/questionarios/AQ_BussPerry_v1.html
A13: =ROW()-3 -> 10 | B13: AQ-Child — Quociente de Espectro do Autismo (Versão Criança) | C13: Neurodesenvolvimento | D13: Mãe, Pai, Enc. Educação | E13: 4–11 anos | F13: 4 | G13: 11.9 | H13: 6 | I13: Rastreio de traços do espectro do autismo em crianças (Auyeung, Baron-Cohen, Wheelwright & Allison, 2008; tradução portuguesa Coelho, 2020). Preenchimento por pais/cuidadores · 50 itens · escala Likert 4 pontos (Concordo plenamente · Concordo · Discordo · Discordo totalmente). 24 itens directos + 26 itens reversos. Cinco subescalas (10 itens cada): Habilidades Sociais (S), Atenção Alternante (A), Atenção aos Detalhes (D), Comunicação (C), Imaginação (I). Total = 0–150. Cut-off clínico ≥ 76 (Sens. 95% · Espec. 95%). Médias normativas: controlos M=41,7 (DP=18,6); SA/AAF M=104,8 (DP=15,6); autismo M=103,0 (DP=16,3). Instrumento de triagem — não substitui avaliação clínica nem confere diagnóstico. | J13: Habilidades Sociais (S); Atenção Alternante (A); Atenção aos Detalhes (D); Comunicação (C); Imaginação (I); Total | K13: aqchild | L13: q_aq_child | M13: https://correiaricardina-ui.github.io/questionarios/AQ_Child_v1.html
A14: =ROW()-3 -> 11 | B14: ASEBA — CBCL 1½-5 | C14: Externalização & Comportamento | D14: Pais, Mãe, Pai, Enc. Educação | E14: 1½–5 anos | F14: 1.5 | G14: 5.9 | H14: 10 | I14: Avaliar problemas emocionais e comportamentais em idade pré-escolar | J14: Internalizante; Externalizante; Total; Reatividade Emocional; Ansiedade; Queixas Somáticas; Retraimento; Problemas de Sono; Problemas de Atenção; Comportamento Agressivo | K14: cbcl15 | L14: q_cbcl_15 | M14: https://correiaricardina-ui.github.io/questionarios/CBCL_15_v5.html
A15: =ROW()-3 -> 12 | B15: ASEBA — CBCL 6-18 | C15: Externalização & Comportamento | D15: Pais, Mãe, Pai, Enc. Educação | E15: 6–18 anos | F15: 6 | G15: 17.9 | H15: 10 | I15: Avaliar problemas emocionais e comportamentais | J15: Internalizante; Externalizante; Total; Ansiedade/Depressão; Queixas Somáticas; Isolamento; Problemas Sociais; Problemas de Atenção; Comportamento Agressivo; Comportamento de Quebra de Regras | K15: cbcl | L15: q_aseba_cbcl | M15: https://correiaricardina-ui.github.io/questionarios/CBCL_618_v1.html
... A155: =ROW()-3 -> 152 | B155: UCLA-PTSD Adaptado — Rastreio de PSPT Pediátrica | C155: Trauma & Stress | D155: Aplicador clínico | E155: 7–11 anos (estendível 3–18) | F155: 3 | G155: 17.9 | H155: 13 | I155: Instrumento clínico ad-hoc (sem validação psicométrica formal — uso orientativo, articulado com entrevista clínica). Adaptação inspirada (Via B do protocolo) operacionalizando os critérios A–H do DSM-5-TR para Perturbação de Stress Pós-Traumático pediátrica, com formulação original em português europeu — NÃO constitui reprodução do UCLA PTSD Reaction Index for DSM-5 (Steinberg, Brymer, Pynoos et al.). Cotação clínica integrativa por psicólogo. Estrutura em 8 módulos: M1 Exposição (Critério A — 13 tipos de eventos sim/não + idade na altura), Evento Índice (tipo, idade, modalidade, descrição), M2 Intrusão (5 itens B Likert 0-4), M3 Evitamento (2 itens C), M4 Cognição/humor (7 itens D), M5 Ativação (6 itens E), M6 Dissociação (2 itens — especificador), M7 Duração F + Início H em meses, M8 Interferência funcional G (5 domínios). Total sintomático = B+C+D+E (0-80). Bandas: Mínima 0-19 / Ligeira 20-34 / Moderada 35-49 / Severa 50-80. Regra DSM-5-TR cumprida = A+B+C+D+E+F+G todos positivos. Especificadores: dissociativo (Dis1 ou Dis2 ≥ 2) e expressão tardia (início ≥ 6 meses). Padrões T1-T5 com hipótese clínica e ação sugerida. Não substitui o UCLA PTSD-RI, o CAPS-CA-5 ou outros instrumentos validados. | J155: Exposição (Critério A); Evento Índice; Intrusão (B); Evitamento (C); Cognição/humor (D); Ativação (E); Dissociação (especificador); Duração e Início (F, H); Interferência funcional (G); Total sintomático; Banda; Padrão T1–T5; Regra DSM-5-TR | K155: ucla_ptsd_adaptado | L155: q_ucla_ptsd_adaptado | M155: https://correiaricardina-ui.github.io/questionarios/UCLA_PTSD_Adaptado.html
A156: 153 | B156: CSHQ-PT — Hábitos de Sono da Criança (Pais) | C156: Sono | D156: Mãe, Pai, Enc. Educação | E156: 2–10 anos | F156: 2 | G156: 10.9 | H156: 9 | I156: Rastreio dos hábitos e problemas de sono por heteroavaliação parental (33 itens, escala de frequência). Cotação em 8 subescalas + Índice de Perturbação do Sono (IPS). Ponto de corte da validação portuguesa: IPS ≥ 48 = rastreio positivo (Silva et al., 2013). Rastreio, não diagnóstico. | J156: Resistência em ir para a cama; Início do sono; Duração do sono; Ansiedade associada ao sono; Despertares noturnos; Parassónias; Perturbação respiratória do sono; Sonolência diurna; Índice de Perturbação do Sono (IPS) | K156: cshq_pt_pais | L156: q_cshq_pt_pais | M156: https://correiaricardina-ui.github.io/questionarios/CSHQ_PT_Pais_v1.html
A157: 154 | B157: SSR-PT — Auto-Relato sobre o Sono | C157: Sono | D157: Paciente | E157: 7–12 anos | F157: 7 | G157: 12.9 | H157: 8 | I157: Auto-relato dos hábitos e problemas de sono (itens cotados 4–26, escala de frequência). Cotação em 7 subescalas + Total SSR. Cut-off Total > 41 = perturbação global do sono (Owens et al., 2000). Rastreio, não diagnóstico; integrar com relato parental (ex. CSHQ-PT). | J157: Resistência ao Deitar; Início do Sono; Duração do Sono; Ansiedade do Sono; Despertares Noturnos; Parassónias; Sonolência Diurna; Total SSR | K157: ssr_pt | L157: q_ssr_pt | M157: https://correiaricardina-ui.github.io/questionarios/SSR_PT_v1.html
A158: 155 | B158: TS-OC · Parte I — Gravidade de Tiques (YGTSS) | C158: Neurodesenvolvimento | D158: Mãe, Pai, Enc. Educação, Paciente | E158: 6–18 anos | F158: 6 | G158: 18.9 | H158: 5 | I158: Lista de sintomas de tiques + escala de gravidade (Yale Global Tic Severity Scale; Leckman et al., 1989). Cotação descritiva das dimensões motora e fónica em duas janelas — Atual (últimos 7 dias) e Pior fase — com Total de Tiques (0–50), Comprometimento (0–50) e Pontuação Global (0–100). Aplicação com apoio familiar; cotação final confirmada pelo/a psicólogo/a em entrevista. Rastreio/monitorização, não diagnóstico. | J158: Subtotal Motor; Subtotal Fónico; Total de Tiques; Comprometimento; Pontuação Global YGTSS | K158: tsoc_ygtss | L158: q_tsoc_ygtss | M158: https://correiaricardina-ui.github.io/questionarios/TSOC_YGTSS_v1.html
A159: 156 | B159: A-DES — Escala de Experiências Dissociativas em Adolescentes | C159: Trauma & Stress | D159: Paciente | E159: 11–18 anos | F159: 11 | G159: 18 | H159: 6 | I159: Rastreio dimensional de experiências dissociativas por auto-relato do adolescente (30 itens, escala 0–10). Métrica = média global + 5 domínios (Amnésia; Despersonalização/Desrealização; Absorção; Alteração de Identidade; Transversal). Ponto de corte orientador: média ≥ 4,0 = dissociação clinicamente significativa; 3,0–3,9 = moderada. Instrumento de rastreio/orientação, não diagnóstico — integrar sempre com entrevista clínica, observação e história de vida. | J159: Amnésia; Despersonalização/Desrealização; Absorção; Alteração de Identidade; Transversal; Média Global A-DES | K159: ades | L159: q_ades | M159: https://correiaricardina-ui.github.io/questionarios/A_DES_v1.html
A160: =ROW()-3 -> 157 | B160: ACE-Q — Experiências Adversas na Infância · Autorrelato (Adolescente) | C160: Trauma & Stress | D160: Paciente | E160: 12–18 anos | F160: 12 | G160: 18 | H160: 6 | I160: Rastreio de experiências adversas na infância por autorrelato do adolescente (18 itens, escala de frequência 0–2). Adaptação clínica da ACE-Q (Felitti et al., 1998) / ACE-IQ (WHO, 2010) para 6 domínios. Pontuação total 0–36 com bandas orientadoras (0–8 baixa; 9–18 moderada; >18 elevada) e classificação por domínio. Instrumento de rastreio/orientação, não diagnóstico — integrar sempre com entrevista clínica e história de vida. Os domínios e a pontuação não são visíveis ao respondente. | J160: Relações familiares e ambiente emocional; Instabilidade familiar; Experiências de perda; Experiências de insegurança ou ameaça; Experiências sociais difíceis; Experiência emocional interna | K160: aceq_adol | L160: q_aceq_adol | M160: https://correiaricardina-ui.github.io/questionarios/ACE-Q_Adolescente.html
A161: =ROW()-3 -> 158 | B161: ACE-Q — Experiências Adversas na Infância · Cuidador | C161: Trauma & Stress | D161: Mãe, Pai, Enc. Educação | E161: 0–18 anos | F161: 0 | G161: 18 | H161: 6 | I161: Rastreio de experiências adversas na infância por relato do cuidador (15 itens, escala de frequência 0–2). Adaptação clínica da ACE-Q (Felitti et al., 1998) e da versão pediátrica PEARLS (Brar et al., 2021) para 6 domínios. Pontuação total 0–30 com bandas orientadoras (0–6 baixa exposição; 7–14 moderada; ≥15 significativa) e classificação por domínio. Instrumento de rastreio/orientação, não diagnóstico — integrar sempre com entrevista clínica e história de vida. Os domínios e a pontuação não são visíveis ao respondente. | J161: Ambiente emocional familiar; Instabilidade familiar; Experiências de perda; Segurança e proteção; Experiências sociais difíceis; Eventos stressantes significativos | K161: aceq_cuid | L161: q_aceq_cuid | M161: https://correiaricardina-ui.github.io/questionarios/ACE-Q_Cuidador.html
A162: =ROW()-3 -> 159 | B162: Entrevista adaptada CAARMS — Experiências Psicóticas Atenuadas, Dissociação e Funcionamento | C162: Risco & Sintomatologia Psicopatológica Geral | D162: Psicóloga (aplicação clínica) | E162: Adolescentes / jovens | F162: 11 | G162: 99 | H162: 11 | I162: Entrevista semiestruturada aplicada pela psicóloga (Avaliação Fenomenológica de Experiências Psicóticas Atenuadas, Dissociação e Funcionamento Subjetivo). Adaptação inspirada (Via B) nos domínios do CAARMS (Yung, McGorry et al., 2005), com formulação original em português europeu — NÃO constitui reprodução do CAARMS. Orientadora e descritiva, não diagnóstica: não classifica risco (UHR/APS/BLIPS). 10 domínios com cotação estruturada 0/1/2 (típico–preservado / intermédio / marcado–ausente); campos vazios cotam 0. A aplicação regista as respostas fluidas ditas pelo próprio, a cotação de cada item e observações qualitativas; o painel apresenta o perfil por domínio, o Índice Global de Alteração Dimensional (IGAD = média dos 10 índices; IGAD bruto = soma/54×100) e um painel de sinalização (11 marcadores Alto/Médio). Bandas orientadoras do IGAD: <34 Mínima / 34–66 Moderada / ≥67 Elevada. Instrumento orientativo, a integrar sempre com entrevista clínica, observação e história de vida. Os domínios e a pontuação não são visíveis ao respondente. | J162: Experiências percetivas atípicas; Pensamento, fluência e organização cognitiva; Ideias de referência, desconfiança e hipervigilância; Self, corpo e experiências dissociativas; Experiência emocional e afetividade; Funcionamento global e esforço subjetivo; Narrativa subjetiva e organização do discurso; Qualidade de contacto e presença relacional; Insight, significado e medos implícitos; Coerência interna e continuidade do self; IGAD (Índice Global de Alteração Dimensional) | K162: caarms_adap | L162: q_caarms_adap | M162: https://correiaricardina-ui.github.io/questionarios/Entrevista_CAARMS_adap.html

Sheet Resumo por Área
A1: Resumo por Área Clínica (recalcula automaticamente)
A2: Área Clínica | B2: Nº de instrumentos | C2: % do total
A3: Alimentação & Imagem Corporal | B3: =COUNTIF(Catálogo!$C$4:$C$1000,A3) -> 6 | C3: =IF($B$29=0,0,B3/$B$29) -> 0.037735849
A4: Anamnese & História Clínica | B4: =COUNTIF(Catálogo!$C$4:$C$1000,A4) -> 3 | C4: =IF($B$29=0,0,B4/$B$29) -> 0.018867925
A5: Ansiedade, Depressão & Internalização | B5: =COUNTIF(Catálogo!$C$4:$C$1000,A5) -> 16 | C5: =IF($B$29=0,0,B5/$B$29) -> 0.10062893
A6: Atenção, PHDA & Funções Executivas | B6: =COUNTIF(Catálogo!$C$4:$C$1000,A6) -> 14 | C6: =IF($B$29=0,0,B6/$B$29) -> 0.088050314
A7: Autoconceito / Autoestima | B7: =COUNTIF(Catálogo!$C$4:$C$1000,A7) -> 6 | C7: =IF($B$29=0,0,B7/$B$29) -> 0.037735849
A8: Competências Sociais & Performance | B8: =COUNTIF(Catálogo!$C$4:$C$1000,A8) -> 4 | C8: =IF($B$29=0,0,B8/$B$29) -> 0.025157233
A9: Competências sociais / Assertividade | B9: =COUNTIF(Catálogo!$C$4:$C$1000,A9) -> 2 | C9: =IF($B$29=0,0,B9/$B$29) -> 0.012578616
A10: Comportamento / Autolesão (NSSI) | B10: =COUNTIF(Catálogo!$C$4:$C$1000,A10) -> 1 | C10: =IF($B$29=0,0,B10/$B$29) -> 0.0062893082
A11: Despiste neurodesenvolvimento | B11: =COUNTIF(Catálogo!$C$4:$C$1000,A11) -> 4 | C11: =IF($B$29=0,0,B11/$B$29) -> 0.025157233
A12: Escola, Motivação & Aprendizagem | B12: =COUNTIF(Catálogo!$C$4:$C$1000,A12) -> 12 | C12: =IF($B$29=0,0,B12/$B$29) -> 0.075471698
A13: Externalização & Comportamento | B13: =COUNTIF(Catálogo!$C$4:$C$1000,A13) -> 9 | C13: =IF($B$29=0,0,B13/$B$29) -> 0.056603774
A14: Família & Parentalidade | B14: =COUNTIF(Catálogo!$C$4:$C$1000,A14) -> 16 | C14: =IF($B$29=0,0,B14/$B$29) -> 0.10062893
... A28: Trauma & Stress | B28: =COUNTIF(Catálogo!$C$4:$C$1000,A28) -> 4 | C28: =IF($B$29=0,0,B28/$B$29) -> 0.025157233
A29: TOTAL CATALOGADO | B29: =COUNTA(Catálogo!$B$4:$B$1000) -> 159 | C29: =IF(B29=0,0,B29/B29) -> 1
A31: Verificação de integridade
A32: Soma por área = total catalogado? | B32: =IF(SUM(B3:B28)=B29,"OK","Existe AREA nova - adicionar linha no resumo") -> OK

Sheet Fluxo de trabalho
A1: Fluxo de trabalho — integração de um novo instrumento
A2: Passo | B2: Ação | C2: Notas / regras
A3: 1 · HTML | B3: Construir o HTML do questionário | C3: Validar a lógica de scoring em Python/Node ANTES de escrever o HTML. Um instrumento de cada vez.
A4: 2 · RC | B4: Integrar no painel RC (RC_Avaliacao_Pacientes) | C4: Acrescentar a entrada ao array defaults e ao HEADERS/buildRow. Estritamente aditivo (zero remocoes). Nunca renomear ficheiros HTML ja publicados.
A5: 3 · Apps Script | B5: Atualizar o Apps Script + Google Sheet | C5: Criar o separador da Sheet (syncKey) e redeploy SOBRE o mesmo URL permanente. Nunca criar um deployment novo (muda o URL e parte tudo).
A6: 4 · Excel | B6: Atualizar este catalogo (RC_Catalogo_Questionarios.xlsx) | C6: Acrescentar uma linha no fim da tabela «Catalogo» (a tabela expande sozinha). Preencher todas as colunas; expandir as siglas dos dominios por extenso.

Sheet Como atualizar
A1: Como atualizar este catálogo
A2: 1. | B2: Na folha «Catalogo», acrescente uma linha logo a seguir a ultima (a tabela expande automaticamente). Nao deixe linhas em branco no meio.
A3: 2. | B3: Preencha as colunas B a M. A coluna «Nº» (A) renumera-se sozinha - nao a edite.
A4: 3. | B4: Idade min/max em anos servem para filtrar: use 0 quando comeca no nascimento e 99 quando nao ha limite superior. A coluna «Faixa etaria» fica em texto legivel.
A5: 4. | B5: Use o mesmo «syncKey» do Apps Script e o «ID interno» (q_…) do array defaults. Expanda as siglas dos dominios por extenso.
A6: 5. | B6: Reutilize uma «Area Clinica» existente sempre que possivel. Se criar uma AREA nova, acrescente uma linha na folha «Resumo por Area» (a verificacao de integridade avisa se faltar).
A7: 6. | B7: Pesquisar/filtrar: clique na seta de qualquer cabecalho. Para «o que avalia X anos na dimensao Y», filtre Area + Idade min <= X + Idade max >= X.
A9: Fonte: | B9: Gerado a partir do array «defaults» de RC_Avaliacao_Pacientes (138 instrumentos). Dominios expandidos a partir das folhas de cotacao de cada instrumento.
A10: Nota: | B10: Catalogo de gestao interna. Em saida clinica usar sempre «Ricardina Correia · OPP 8233».
